epoch,epoch_time
0,490.54208731651306
1,491.25775718688965
2,491.5720293521881
3,487.8990399837494
4,490.1731758117676
