epoch,epoch_time
0,64.87559843063354
1,67.8403217792511
2,63.57100033760071
3,62.9706346988678
4,61.94757914543152
